{
  "images": [
    {
      "width": 1706,
      "height": 960,
      "id": 0,
      "file_name": "..\/..\/home\/yuu\/.local\/share\/label-studio\/media\/upload\/1\/944286ae-pc.jpg"
    }
  ],
  "categories": [
    {
      "id": 0,
      "name": "front"
    },
    {
      "id": 1,
      "name": "side"
    },
    {
      "id": 2,
      "name": "top"
    }
  ],
  "annotations": [
    {
      "id": 0,
      "image_id": 0,
      "category_id": 0,
      "segmentation": [
        [
          241.90200732077508,
          473.1720983419076,
          726.6848121755032,
          582.0855508844782,
          722.7111826275138,
          867.2407720868446,
          250.8426738037517,
          600.8978745054677
        ]
      ],
      "bbox": [
        241.90200732077508,
        473.1720983419076,
        484.78280485472817,
        394.068673744937
      ],
      "ignore": 0,
      "iscrowd": 0,
      "area": 98279.80909296114
    },
    {
      "id": 1,
      "image_id": 0,
      "category_id": 2,
      "segmentation": [
        [
          598.9045168667811,
          451.71297884505435,
          1301.2029731275015,
          508.2870211549458,
          761.7987421383649,
          555.1069182389939,
          262.3865065751859,
          461.46712407089774
        ]
      ],
      "bbox": [
        262.3865065751859,
        451.71297884505435,
        1038.8164665523157,
        103.39393939393955
      ],
      "ignore": 0,
      "iscrowd": 0,
      "area": 49890.31796066777
    },
    {
      "id": 2,
      "image_id": 0,
      "category_id": 1,
      "segmentation": [
        [
          786.1084079483362,
          584.2166488620101,
          1328.5145797598645,
          531.6969696969701,
          1315.4220169919997,
          739.830513054721,
          784.2380418386415,
          867.2393643625034
        ]
      ],
      "bbox": [
        784.2380418386415,
        531.6969696969701,
        544.276537921223,
        335.54239466553327
      ],
      "ignore": 0,
      "iscrowd": 0,
      "area": 131152.06558145932
    }
  ],
  "info": {
    "year": 2025,
    "version": "1.0",
    "description": "",
    "contributor": "Label Studio",
    "url": "",
    "date_created": "2025-10-27 15:21:35.624051"
  }
}